"filename"	"formgroup"	"formtype"	"link"	"formname"
"A1"	"actapplies"	"actapplies"	"https://tribunalsontario.ca/documents/ltb/Landlord Applications & Instructions/A1.pdf"	"A1: Application about Whether the Act Applies"
"A2"	"subletassign"	"subletassign"	"https://tribunalsontario.ca/documents/ltb/Landlord Applications & Instructions/A2.pdf"	"A2: Application about a Sublet or an Assignment"
"A4"	"rentreduction"	"varyrentreduction"	"https://tribunalsontario.ca/documents/ltb/Landlord Applications & Instructions/A4.pdf"	"A4: Application to Vary the Amount of a Rent Reduction"
"Advance_Resolution_Request_(explanation)"	"req"	"advanceresolreq"	"https://tribunalsontario.ca/documents/ltb/Other Forms/Advance Resolution Request (explanation).pdf"	"Explanation"
"Affidavit"	"statements"	"affidavit"	"https://tribunalsontario.ca/documents/ltb/Other Forms/Affidavit.pdf"	"Affidavit"
"Bulk_Application_Info_Sheet"	"info"	"bulkappinfo"	"https://tribunalsontario.ca/documents/ltb/Other Forms/Bulk Application Info Sheet.pdf"	"Bulk Application Information Sheet"
"Certificate_Of_Service"	"servicecertificate"	"servicecertificate"	"https://tribunalsontario.ca/documents/ltb/Other Forms/Certificate Of Service.pdf"	"Certificate of Service"
"Certificate_Of_Service_-_L10"	"servicecertificate"	"servicecertificate_formertenant"	"https://tribunalsontario.ca/documents/ltb/Other Forms/Certificate Of Service - L10.pdf"	"Certificate of Service – L10 Serving a Former Tenant or Tenant No Longer in Possession of the Rental Unit"
"Declaration"	"statements"	"declaration"	"https://tribunalsontario.ca/documents/ltb/Other Forms/Declaration.pdf"	"Declaration"
"Email_Service_Consent"	"statements"	"consentemailservice"	"https://tribunalsontario.ca/documents/ltb/Other Forms/Email Service Consent.pdf"	"Consent to Service by Email"
"Fee_Waiver_Request"	"req"	"reqfeewaiver"	"https://tribunalsontario.ca/documents/ltb/Other Forms/Fee Waiver Request.pdf"	"Fee Waiver Request"
"Information_from_your_Landlord_about_Utility_Cost_One_or_More"	"info"	"infoutilitycosts"	"https://tribunalsontario.ca/documents/ltb/Other Forms/Information from your Landlord about Utility Cost_One or More.pdf"	"Information from your Landlord about Utility Costs (One or More Utilities are no Longer Provided in the Residential Complex)"
"Information_from_your_Landlord_about_Utility_Costs"	"info"	"infoutilitycosts"	"https://tribunalsontario.ca/documents/ltb/Other Forms/Information from your Landlord about Utility Costs.pdf"	"Information from your Landlord about Utility Costs"
"Information_to_Prospective_Tenant_About_Suite_Meters_or_Meters"	"suitemeters"	"suitemeters"	"https://tribunalsontario.ca/documents/ltb/Other Forms/Information to Prospective Tenant About Suite Meters or Meters.pdf"	"Information to Prospective Tenant about Suite Meters or Meters"
"Issues_a_Tenant_Intends_to_Raise_at_a_Rent_Arrears_Hearing"	"arrears"	"tenantintendraiseissuesarrears"	"https://tribunalsontario.ca/documents/ltb/Other%20Forms/Issues%20a%20Tenant%20Intends%20to%20Raise%20at%20a%20Rent%20Arrears%20Hearing.pdf"	"Issues a Tenant Intends to Raise at a Rent Arrears Hearing"
"L1"	"nonpayment"	"evictnonpayment"	"https://tribunalsontario.ca/documents/ltb/Landlord Applications & Instructions/L1.pdf"	"L1: Application to evict a tenant for non-payment of rent and to collect rent the tenant owes"
"L1_L9_–_Information_Update"	"update"	"l1l9infoupdatetenantrentowed"	"https://tribunalsontario.ca/documents/ltb/Other%20Forms/L1%20L9%20%E2%80%93%20Information%20Update.pdf"	"L1/L9 – Information Update"
"L10"	"collectrent"	"collectrentformertenant"	"https://tribunalsontario.ca/documents/ltb/Landlord Applications & Instructions/L10.pdf"	"L10: Application to Collect Money a Former Tenant Owes"
"L2"	"evictcollectrent"	"evictorcollectmoney"	"https://tribunalsontario.ca/documents/ltb/Landlord Applications & Instructions/L2.pdf"	"L2: Application to End a Tenancy and Evict a Tenant or Collect Money"
"L3"	"tenantgavenoticeleave"	"tenantgavenoticeleave"	"https://tribunalsontario.ca/documents/ltb/Landlord Applications & Instructions/L3.pdf"	"L3: Application to End a Tenancy – Tenant Gave Notice or Agreed to Terminate the Tenancy"
"L4"	"evictonconditionsfail"	"evictonconditionsfail"	"https://tribunalsontario.ca/documents/ltb/Landlord Applications & Instructions/L4.pdf"	"L4: Application to End a Tenancy and Evict a Tenant – Tenant Failed to Meet Conditions of a Settlement or Order"
"L5"	"aboveguideline"	"aboveguideline"	"https://tribunalsontario.ca/documents/ltb/Landlord Applications & Instructions/L5.pdf"	"L5: Application for an Above Guideline Increase"
"L6"	"reviewworkorder"	"reviewworkorder"	"https://tribunalsontario.ca/documents/ltb/Landlord Applications & Instructions/L6.pdf"	"L6: Application for Review of a Work Order about Provincial Maintenance Standards"
"L7"	"transfercarehome"	"transfercarehome"	"https://tribunalsontario.ca/documents/ltb/Landlord Applications & Instructions/L7.pdf"	"L7: Application to Transfer a Care Home Tenant"
"L8"	"tenantchangedlocks"	"tenantchangedlocks"	"https://tribunalsontario.ca/documents/ltb/Landlord Applications & Instructions/L8.pdf"	"L8: Application Because the Tenant Changed the Locks"
"L9"	"collectrent"	"collectrent"	"https://tribunalsontario.ca/documents/ltb/Landlord Applications & Instructions/L9.pdf"	"L9: Application to Collect Rent the Tenant Owes"
"Landlord_Notice_to_a_New_Tenant_About_an_Order_prohibiting_a_Rent_Increase"	"rentincrease"	"newtenantnoticeorderprohibitrentincrease"	"https://tribunalsontario.ca/documents/ltb/Other Forms/Landlord Notice to a New Tenant About an Order prohibiting a Rent Increase.pdf"	"Landlord’s Notice to a New Tenant about an Order Prohibiting a Rent Increase"
"Landlord's_Motion_to_Set_Aside_an_Order_to_Void_Form_S3"	"setasideorder"	"setasidevoidedorder"	"https://tribunalsontario.ca/documents/ltb/Other Forms/Landlord's Motion to Set Aside an Order to Void Form S3.pdf"	"Landlord's Motion to Set Aside an Order to Void – Form S3"
"Landlord's_Notice_to_Terminate_Obligation_to_Suppy_Electricity"	"electricitysupplyterminobli"	"electricitysupplyterminobli"	"https://tribunalsontario.ca/documents/ltb/Other Forms/Landlord's Notice to Terminate Obligation to Suppy Electricity.pdf"	"Landlord's Notice to Terminate Obligations to Supply Electricity"
"Motion_to_Set_Aside_an_Ex_Parte_Order_Form_S2"	"setasideorder"	"setasideexparteorder"	"https://tribunalsontario.ca/documents/ltb/Other Forms/Motion to Set Aside an Ex Parte Order Form S2.pdf"	"Motion to Set Aside an Ex Parte Order - Form S2"
"N1"	"rentincrease"	"rentincrease"	"https://tribunalsontario.ca/documents/ltb/Notices of Rent Increase & Instructions/N1.pdf"	"N1: Notice of Rent Increase"
"N10"	"aboveguideline"	"aboveguidelineagreement"	"https://tribunalsontario.ca/documents/ltb/Notices of Rent Increase & Instructions/N10.pdf"	"N10: Agreement to Increase the Rent Above the Guideline"
"N11"	"agreetermin"	"agreetermin"	"https://tribunalsontario.ca/documents/ltb/Other Forms/N11.pdf"	"N11: Agreement to End the Tenancy"
"N12"	"goodfaith"	"goodfaith"	"https://tribunalsontario.ca/documents/ltb/Notices of Termination & Instructions/N12.pdf"	"N12: Notice to End your Tenancy Because the Landlord, a Purchaser or a Family Member Requires the Rental Unit"
"N13"	"goodfaith"	"goodfaith"	"https://tribunalsontario.ca/documents/ltb/Notices of Termination & Instructions/N13.pdf"	"N13: Notice to End your Tenancy Because the Landlord Wants to Demolish the Rental Unit, Repair it or Convert it to Another Use"
"N14_-_Landlord's_Notice_to_the_Spouse_of_the_Tenant_who_Vacated_the_Rental_Unit"	"noticetovacatedtenantsspouse"	"noticetovacatedtenantsspouse"	"https://tribunalsontario.ca/documents/ltb/Other Forms/N14 - Landlord's Notice to the Spouse of the Tenant who Vacated the Rental Unit.pdf"	"N14: Landlord's Notice to the Spouse of the Tenant who Vacated the Rental Unit"
"N15"	"tenancyendfearviolence"	"tenancyendfearviolence"	"https://tribunalsontario.ca/documents/ltb/Notices of Termination & Instructions/N15.pdf"	"N15: Tenant's Notice to End my Tenancy Because of Fear of Sexual or Domestic Violence and Abuse"
"N15_-_Tenant_Statement"	"tenancyendfearviolence"	"tenancyendfearviolence"	"https://tribunalsontario.ca/documents/ltb/Notices of Termination & Instructions/N15 - Tenant Statement.pdf"	"Tenant's Statement About Sexual or Domestic Violence and Abuse"
"N2"	"rentincrease"	"rentincrease_partialexempt"	"https://tribunalsontario.ca/documents/ltb/Notices of Rent Increase & Instructions/N2.pdf"	"N2: Notice of Rent Increase (Unit Partially Exempt)"
"N3"	"rentincrease"	"rentincrease"	"https://tribunalsontario.ca/documents/ltb/Notices of Rent Increase & Instructions/N3.pdf"	"N3: Notice to Increase the Rent and/or Charges for Care Services and Meals"
"N4"	"nonpayment"	"endearlynonpayment"	"https://tribunalsontario.ca/documents/ltb/Notices of Termination & Instructions/N4.pdf"	"N4: Notice to End your Tenancy Early for Non-payment of Rent"
"N5"	"endtenancyinterfere"	"endtenancyinterfere"	"https://tribunalsontario.ca/documents/ltb/Notices of Termination & Instructions/N5.pdf"	"N5: Notice to End your Tenancy for Interfering with Others, Damage or Overcrowding"
"N6"	"endtenancyinterfere"	"endtenancyillegalactbadincome"	"https://tribunalsontario.ca/documents/ltb/Notices of Termination & Instructions/N6.pdf"	"N6: Notice to End your Tenancy for Illegal Acts or Misrepresenting Income in a Rent-Geared-to-Income Rental Unit"
"N7"	"endtenancyinterfere"	"endtenancyinterfere"	"https://tribunalsontario.ca/documents/ltb/Notices of Termination & Instructions/N7.pdf"	"N7: Notice to End your Tenancy for Causing Serious Problems in the Rental Unit or Residential Complex"
"N8"	"endtenancyendofterm"	"endtenancyendofterm"	"https://tribunalsontario.ca/documents/ltb/Notices of Termination & Instructions/N8.pdf"	"N8: Notice to End your Tenancy at the End of the Term"
"N9"	"tenantgavenoticeleave"	"tenantgavenoticeleave"	"https://tribunalsontario.ca/documents/ltb/Notices of Termination & Instructions/N9.pdf"	"N9: Tenant’s Notice to End the Tenancy"
"Payment_Agreement"	"paymentagreement"	"paymentagreement"	"https://tribunalsontario.ca/documents/ltb/Other Forms/Payment Agreement.pdf"	"Payment Agreement"
"Request_for_Hearing_Recording"	"req"	"reqhearingrecord"	"https://tribunalsontario.ca/documents/ltb/Other Forms/Request for Hearing Recording.pdf"	"Request for Hearing Recording"
"Request_for_the_Board_to_Issue_a_Summons"	"req"	"reqboardissuesummons"	"https://tribunalsontario.ca/documents/ltb/Other Forms/Request_for_the_Board_to_Issue_a_Summons.pdf"	"Request for the Board to Issue a Summons"
"Request_to_Amend_an_Order"	"req"	"reqamend"	"https://tribunalsontario.ca/documents/ltb/Other Forms/Request to Amend an Order.pdf"	"Request to Amend an Order"
"Request_to_be_Litigation_Guardian_LTB"	"req"	"reqlitguardian"	"https://tribunalsontario.ca/documents/ltb/Other Forms/Request to be Litigation Guardian LTB.pdf"	"Request to be a Litigation Guardian: Mental Incapacity"
"Request_to_Extend_or_Shorten_Time"	"req"	"reqextendshortentime"	"https://tribunalsontario.ca/documents/ltb/Other Forms/Request to Extend or Shorten Time.pdf"	"Request to Extend or Shorten Time"
"Request_to_Pay_Rent_to_the_Board_on_a_Tenant_Application_About_Maintenance"	"req"	"reqpayrenttoboardtappmaintenance"	"https://tribunalsontario.ca/documents/ltb/Other Forms/Request to Pay Rent to the Board on a Tenant Application About Maintenance.pdf"	"Request to Pay Rent to the Board on a Tenant Application About Maintenance"
"Request_to_Re-open_an_Application"	"reqreview"	"reqreopen"	"https://tribunalsontario.ca/documents/ltb/Other Forms/Request to Re-open an Application.pdf"	"Request to Re-open an Application"
"Request_to_Reschedule_a_Hearing"	"req"	"reqreschedule"	"https://tribunalsontario.ca/documents/ltb/Other Forms/Request to Reschedule a Hearing.pdf"	"Request to Reschedule a Hearing"
"Request_to_Review_an_Order"	"reqreview"	"reqreview"	"https://tribunalsontario.ca/documents/ltb/Other Forms/Request to Review an Order.pdf"	"Request to Review an Order"
"Request_to_Use_Alternative_Service"	"req"	"reqaltservice"	"https://tribunalsontario.ca/documents/ltb/Other Forms/Request to Use Alternative Service.pdf"	"Request to use Alternative Service"
"Summons"	"summonslawyersparalegals"	"summonslawyersparalegals"	"https://tribunalsontario.ca/documents/ltb/Other Forms/Summons.pdf"	"Summons (Lawyers and Paralegals Only)"
"T1"	"rentrebate"	"rentrebate"	"https://tribunalsontario.ca/documents/ltb/Tenant Applications & Instructions/T1.pdf"	"T1: Tenant Application for a Rebate"
"T2"	"trights"	"trights"	"https://tribunalsontario.ca/documents/ltb/Tenant Applications & Instructions/T2.pdf"	"T2: Application about Tenant Rights"
"T3"	"rentreduction"	"rentreduction"	"https://tribunalsontario.ca/documents/ltb/Tenant Applications & Instructions/T3.pdf"	"T3: Tenant Application for a Rent Reduction"
"T4"	"aboveguideline"	"aboveguidelinellnotcomply"	"https://tribunalsontario.ca/documents/ltb/Tenant Applications & Instructions/T4.pdf"	"T4: Tenant Application – Landlord did not Comply with an Agreement to Increase Rent Above the Guideline"
"T5"	"badfaith"	"badfaith"	"https://tribunalsontario.ca/documents/ltb/Tenant Applications & Instructions/T5.pdf"	"T5: Tenant Application – Landlord Gave a Notice of Termination in Bad Faith"
"T6"	"maintenance"	"maintenance"	"https://tribunalsontario.ca/documents/ltb/Tenant Applications & Instructions/T6.pdf"	"T6: Tenant Application about Maintenance"
"T7"	"suitemeters"	"suitemeters"	"https://tribunalsontario.ca/documents/ltb/Tenant Applications & Instructions/T7.pdf"	"T7: Tenant Application about Suite Meters"
"Tenant_Agreement_to_Pay_Directly_for_Electricity_Costs"	"ttpayelectricdirect"	"ttpayelectricdirect"	"https://tribunalsontario.ca/documents/ltb/Other Forms/Tenant Agreement to Pay Directly for Electricity Costs.pdf"	"Tenant Agreement to Pay Directly for Electricity Costs"
"Tenant's_Motion_to_Void_an_Eviction_Order_for_Arrears_of_Rent"	"nonpayment"	"reqvoidevictarrears"	"https://tribunalsontario.ca/documents/ltb/Other Forms/Tenant's Motion to Void an Eviction Order for Arrears of Rent.pdf"	"Tenant's Motion to Void an Eviction Order for Arrears of Rent"
